,F15,F25,F26,F27,F28,F29,F39,F40,F41,F42,F43,F53,F54,F55,F56,F57,F68,F69,F70,F71,F81,F82,F83,F84,F85,F95,F96,F97,F98,F99,F109,F110,F111,F112,F113,F123,F124,F125,F126
ASV3,0,0,0,0,0,0,7,0,1,0,0,18,8,2,2,1,1,1,2,2,0,1,4,9,0,7,2,8,1,148,14,56,117,20,206,1122,121,880,41
ASV6,27,110,135,8,10,25,8,5,5,1,5,92,240,401,44,12,7,193,28,159,10,130,220,54,45,419,13,87,16,1184,40,1573,50,26,1136,26,131,1405,16
ASV10,0,48,54,52,67,1542,392,60,36,129,31,31,15,0,4,1,1,2,1,2,39,12,4,18,1062,834,268,1820,345,37,9,15,24,29,5,26,43,12,8
ASV11,0,0,0,0,0,0,13,757,28,11,182,203,2426,1265,2591,133,74,1136,63,22,30,1,3,8,48,955,437,161,375,686,33,790,13,48,486,47,52,41,9
ASV17,0,0,0,0,0,12,2,0,3,1,1,4,0,1,0,1,1,0,0,0,48,4,5,3,592,1210,3371,1817,4523,52,1,2,4,0,4,1401,104,15,1892
ASV18,0,0,0,0,0,0,0,0,0,0,0,5,2,1,0,0,0,0,0,1,0,0,3,0,0,2,1,3,0,75,7,25,24,20,57,393,100,341,10
ASV25,0,0,0,0,0,0,3,0,0,0,0,2,0,1,0,1,0,0,2,1,0,0,3,2,1,3,0,0,0,66,4,18,27,5,54,300,113,470,324
ASV30,0,0,0,0,0,0,1,0,0,0,0,1,1,1,0,0,0,0,0,1,0,0,1,0,0,0,0,2,0,47,5,15,12,8,37,195,5,320,8
ASV31,2,14,0,14,7,3,2,3,0,0,3,13,20,41,3,20,0,8,38,23,32,127,612,97,331,15,12,3,1,0,71,5,8,92,5,2,9,5,1
ASV34,5,2,1,6,4,3,3,0,0,0,1,11,15,13,1,18,1,1,53,22,41,68,351,58,281,16,10,2,0,1,73,3,7,81,0,0,9,3,1
ASV37,0,1,0,1,1,0,22,19,39,9,23,30,2,16,39,7,1,3,10,1,7,2,1,4,18,4,13,17,8,8,10,3,40,3,5,0,4,0,0
ASV40,641,708,739,1807,1490,75,0,4,0,0,1,0,3,9,17,1,4,1,38,19,0,95,113,70,3,0,0,0,0,0,0,0,0,0,1,5,6,2,0
ASV42,12,30,54,3,3,1,1,0,1,0,3,18,64,99,5,7,3,39,11,31,6,54,64,15,13,81,4,25,4,302,6,379,11,10,315,0,14,176,2
ASV51,0,0,3,0,0,1,0,1,3,0,6,11,5,0,0,1,0,0,1,0,0,1,3,5,1,13,0,2,1,0,4,0,0,0,7,0,16,4,2
ASV53,4,11,6,10,32,1,0,2,6,2,1,2,1,1,0,1,1,0,0,0,23,2,1,1,0,0,1,0,1,1,0,0,1,1,0,26,123,2,45
ASV54,5,14,10,98,22,20,359,682,1745,472,349,429,57,76,221,16,57,230,14,38,113,9,7,8,2,53,922,125,225,84,0,89,61,1,61,7,27,4,15
ASV56,0,2,1,24,8,5,61,31,122,69,98,68,23,39,53,14,17,63,81,17,145,15,32,7,1,3,26,5,4,4,0,4,2,0,3,1,31,16,5
ASV57,0,0,0,0,0,0,0,0,0,0,0,0,0,0,0,0,0,1,0,1,0,0,0,1,0,1,0,0,0,26,3,12,21,3,21,159,2,128,6
ASV58,0,0,0,0,0,0,0,0,0,0,0,3,1,1,0,0,0,0,0,0,0,0,1,1,0,1,0,2,2,22,1,7,4,5,20,99,3,116,6
ASV64,1,7,4,18,10,118,38,110,31,18,158,266,58,31,153,8,6,2,7,4,10,1,2,6,69,18,48,21,8,5,7,3,56,2,0,22,18,9,29
ASV65,0,0,0,0,0,0,0,0,0,0,0,1,2,0,1,0,0,1,1,0,0,0,2,0,0,0,0,0,1,30,1,8,3,3,24,66,2,140,5
ASV67,1,5,5,12,7,27,459,156,112,69,38,99,28,72,90,174,118,42,295,57,284,107,51,67,60,16,33,22,20,42,33,126,90,48,124,566,13,19,56
ASV75,9,13,12,60,27,20,16,34,8,3,103,31,39,195,112,2,4,175,7,149,3,713,176,111,4,60,23,88,16,82,3,132,3,3,60,0,15,162,0
ASV76,0,0,0,0,0,0,0,0,0,0,0,2,1,1,0,0,0,0,0,0,0,0,0,1,0,2,0,1,0,17,2,3,4,1,14,34,3,135,6
ASV79,25,31,18,67,38,22,75,31,151,67,7,0,1,0,0,0,0,0,0,4,63,5,12,6,3,1,0,0,0,0,0,0,0,0,0,3,10,1,7
ASV82,2,0,0,0,5,1,0,0,0,0,0,0,1,0,0,0,0,0,0,0,0,0,0,0,0,4,11,21,10,0,1,23,0,0,10,24,3,3,24
ASV84,0,0,0,0,0,0,1,0,1,0,0,2,0,0,0,0,0,0,0,0,0,0,2,0,0,2,0,0,0,15,0,2,1,1,10,34,8,66,3
ASV85,8,21,6,163,50,44,11,1,3,4,2,5,2,0,0,78,17,8,7,9,4,8,14,4,49,52,20,228,63,83,45,127,56,40,60,337,12,2,197
ASV87,0,0,0,0,0,0,0,0,0,0,0,1,1,0,0,0,0,0,0,0,0,0,1,1,1,0,0,0,0,15,1,4,14,11,11,53,39,84,0
ASV89,1,10,0,7,6,2,3,0,0,1,5,4,9,31,1,16,1,0,26,11,13,39,268,24,149,4,3,0,0,0,41,0,4,49,0,2,9,1,0
ASV93,1,9,4,51,11,10,107,309,682,267,13,4,1,0,0,3,2,1,3,0,71,1,5,2,18,9,67,14,6,4,9,3,223,8,3,29,528,5,77
ASV105,29,87,24,435,468,14,1,1,0,0,0,3,2,0,0,0,1,2,0,480,16,2767,1845,312,13,2,1,0,0,0,0,0,0,0,0,0,0,3,1
ASV112,71,154,61,721,664,23,0,0,1,0,0,4,1,0,0,0,3,6,0,380,10,2009,1323,346,7,2,1,0,0,0,0,7,0,0,3,0,1,8,1
ASV113,0,1,2,5,7,0,0,2,0,0,0,2,1,4,5,1,0,1,1,1,5,0,3,0,0,1,14,6,1,1,0,4,0,0,0,1,0,1,0
ASV121,0,0,0,0,0,0,5,157,6,9,131,0,0,0,1,0,0,0,0,0,0,0,0,0,0,1,0,0,0,1,10,449,17,28,129,0,0,0,0
ASV129,0,0,0,0,0,0,0,0,0,0,0,0,0,0,0,0,0,0,0,0,0,0,0,0,0,0,0,0,0,2,7,27,25,5,10,0,0,1,0
ASV133,4,10,9,7,14,14,0,35,3,42,8,19,3,33,6,30,138,8,49,3,5,12,6,7,16,0,1,18,0,2,14,4,97,31,2,6,1,1,3
ASV135,4,8,10,1,1,1,0,1,0,0,0,11,18,22,5,0,0,8,0,17,0,13,21,4,3,24,1,3,2,96,4,108,7,1,92,3,0,50,0
ASV137,0,0,0,0,0,0,0,0,0,1,0,1,1,0,0,0,1,0,0,0,0,0,0,1,0,0,0,0,1,5,2,2,12,2,6,3,5,31,3
ASV140,0,0,0,4,3,0,1,1,0,0,0,0,0,0,0,1,1,0,0,0,4,0,0,0,0,0,0,0,0,0,1,1,0,0,0,1,8,0,0
ASV141,0,0,0,0,0,0,0,0,0,0,0,3,0,0,0,0,0,0,0,0,0,0,0,0,0,2,0,0,0,0,6,7,11,7,145,347,45,381,804
ASV144,1,0,0,0,0,0,1,3,0,0,1,1,3,13,1,76,92,11,156,2,1,30,21,9,10,0,2,83,18,41,215,110,931,349,48,5,1,1,1
ASV147,0,0,1,2,1,0,2,1,13,0,0,0,0,0,0,0,1,0,0,13,230,6,11,23,6,3,0,0,0,1,0,0,0,0,0,9,31,0,10
ASV150,0,1,1,1,1,60,29,2,3,56,3,3,1,9,10,34,12,29,8,1,0,0,0,3,27,5,10,22,4,0,0,0,0,1,0,0,12,2,0
ASV153,0,4,0,4,0,1,0,0,0,0,8,4,16,30,1,8,0,2,11,5,12,18,105,25,77,3,3,0,1,0,23,2,2,33,0,0,1,1,0
ASV159,0,0,0,0,0,0,0,0,0,0,0,1,2,0,0,0,0,0,0,0,0,0,0,0,0,1,0,0,0,5,1,0,7,0,8,85,14,87,4
ASV161,1,0,2,28,4,13,145,48,380,129,21,33,2,7,49,63,52,9,132,1,3,0,0,0,9,1,13,51,24,16,32,34,314,19,71,47,123,4,72
ASV164,2,5,3,1,14,43,5,31,6,2,16,41,12,17,57,0,11,0,4,1,14,0,0,0,1,51,61,83,39,1,0,10,7,0,9,36,16,3,34
ASV167,0,0,0,0,1,2,3,0,5,0,2,4,6,0,1,0,0,0,0,0,1,0,0,6,0,7,1,4,0,1,1,31,0,0,25,116,7,11,2
ASV179,0,2,5,7,3,105,22,5,0,5,1,3,1,0,0,0,0,0,0,0,4,0,0,2,48,42,13,124,22,4,1,0,0,1,0,0,4,1,4
ASV181,23,14,6,39,54,1,0,0,0,0,0,0,0,0,0,0,0,1,0,0,0,0,0,0,0,0,0,0,0,0,0,0,0,0,0,0,0,0,0
ASV182,0,1,0,0,0,0,0,0,0,1,4,1,1,0,0,0,0,0,0,0,0,0,0,0,0,2,0,1,1,0,0,0,0,0,0,1,0,2,0
ASV189,8,53,4,22,7,4,9,14,44,5,0,0,0,0,0,0,1,1,0,24,5,16,26,7,63,8,10,10,5,7,80,5,9,48,3,0,0,0,2
ASV201,2,4,1,2,0,0,0,0,0,0,0,1,6,26,0,0,0,11,0,4,0,10,8,4,5,21,0,4,0,31,4,62,2,2,39,3,9,110,4
ASV203,0,0,0,0,0,0,2,2,0,1,6,0,0,0,0,0,0,0,0,0,0,0,0,0,0,0,0,0,0,3,22,955,14,19,258,0,0,1,1
ASV205,0,4,2,1,5,5,1,13,1,15,18,6,23,44,22,17,20,2,13,1,0,0,1,0,17,1,1,10,0,2,11,8,73,14,31,1,0,6,1
ASV211,0,0,0,0,0,0,0,0,0,0,0,2,1,0,0,0,0,0,0,0,0,0,0,0,0,0,0,0,0,1,1,3,3,1,12,85,0,47,0
ASV237,0,0,0,1,0,0,0,0,0,0,0,0,0,0,0,1,0,0,0,0,0,0,0,0,0,0,0,0,0,0,0,0,0,0,0,0,0,0,0
ASV238,0,0,0,0,0,0,0,0,0,0,0,0,1,0,0,0,0,0,1,0,0,1,0,0,0,1,0,0,0,5,0,7,0,0,77,18,3,36,0
ASV245,0,0,0,0,0,0,0,0,0,0,0,0,0,0,0,0,0,0,0,0,20,4,4,1,509,107,120,516,139,5,0,1,0,0,3,16,0,12,7
ASV256,0,0,0,0,0,0,0,0,0,0,0,1,1,0,0,3,0,0,0,1,1,0,2,0,0,3,0,0,0,0,0,0,0,0,0,0,5,1,0
ASV264,0,0,0,0,0,0,0,0,0,0,0,0,0,0,0,0,0,0,0,0,0,0,0,0,0,0,0,0,0,6,1,1,0,0,6,16,0,7,0
ASV266,0,0,0,0,0,0,0,0,1,0,0,0,0,0,0,0,0,0,0,0,0,0,0,0,0,0,0,0,0,0,1,13,5,4,2,0,1,0,0
ASV275,0,0,0,0,0,0,0,0,0,0,0,0,0,0,0,0,0,0,0,0,0,0,0,2,0,0,0,0,0,4,2,1,0,1,3,5,0,16,0
ASV278,0,0,0,0,0,0,0,0,0,0,0,0,0,0,0,0,0,0,0,0,0,0,0,1,0,0,0,1,0,2,0,0,1,1,2,1,1,22,0
ASV280,0,0,2,9,0,4,15,3,5,56,6,19,5,16,7,0,0,0,1,0,0,0,0,0,6,0,0,17,4,4,12,4,197,26,3,4,1,0,0
ASV285,0,0,0,0,0,0,0,50,0,0,4,6,102,86,119,8,2,76,1,1,2,0,0,1,4,59,33,10,15,25,0,24,1,3,17,2,5,5,0
ASV287,0,4,2,5,3,90,10,1,1,8,1,1,1,0,1,0,0,0,0,1,7,4,3,3,48,39,6,48,7,0,0,0,0,1,1,3,2,1,0
ASV288,0,0,0,0,0,0,0,0,0,0,0,0,0,0,0,0,0,0,0,0,0,0,0,0,0,0,0,0,0,2,0,2,17,2,5,0,0,15,0
ASV294,0,0,0,0,0,0,0,0,0,0,0,4,11,0,0,3,4,0,6,0,0,0,0,3,0,0,0,1,1,0,11,0,5,8,0,1,11,6,4
ASV296,0,0,0,0,0,0,0,0,0,0,0,1,0,0,0,0,0,0,0,0,0,0,0,0,0,1,0,1,0,5,1,1,13,0,1,49,1,28,0
ASV302,0,0,0,0,0,0,0,0,0,0,0,0,0,0,0,1,0,0,0,0,0,0,1,0,0,1,0,0,0,9,0,0,1,1,2,6,2,10,0
ASV305,0,0,0,0,0,0,0,0,0,0,0,0,0,0,0,0,0,0,0,0,0,0,0,0,0,1,0,0,0,1,0,2,2,1,7,13,0,6,3
ASV307,0,0,0,2,2,1,0,0,7,0,0,0,0,0,0,0,0,0,0,0,0,0,0,0,1,0,2,0,1,0,0,0,0,0,0,0,3,0,2
ASV311,0,0,1,4,2,86,11,3,2,3,1,1,2,0,0,0,0,0,0,0,5,0,0,2,72,56,22,114,13,1,1,0,0,0,0,5,2,1,0
ASV312,0,0,0,0,0,0,0,0,0,0,0,0,1,0,0,0,0,0,0,0,0,0,0,0,0,0,0,0,1,2,1,0,0,5,5,8,0,19,0
ASV315,0,0,0,0,0,0,0,0,0,0,0,0,0,0,0,0,0,1,0,0,0,0,0,1,0,0,0,0,0,5,0,2,0,2,6,0,0,20,2
ASV318,0,0,0,0,0,0,0,0,0,0,0,0,0,0,0,0,0,0,0,0,0,0,0,0,0,0,0,0,0,5,0,0,0,0,5,16,1,7,1
ASV321,0,0,0,0,0,0,0,0,0,0,0,0,0,0,0,0,0,0,0,0,0,0,0,1,0,0,0,0,0,4,0,0,1,0,1,0,10,12,0
ASV332,0,0,0,0,0,0,0,0,0,0,0,0,0,0,0,0,0,0,0,0,0,0,0,1,0,0,0,0,0,0,0,0,0,0,4,6,0,1,0
ASV335,0,0,0,0,0,0,0,0,0,1,0,0,0,0,0,0,0,0,0,0,0,0,2,0,0,0,0,0,0,1,0,0,5,0,2,0,6,26,0
ASV336,0,0,0,0,0,0,5,0,2,1,0,0,0,0,0,0,0,0,0,0,0,0,0,0,0,2,6,0,1,0,0,0,1,0,0,0,0,0,0
ASV338,0,1,2,2,0,26,75,149,85,114,120,625,39,46,117,9,1,2,0,0,0,0,0,1,0,0,0,0,1,0,0,8,4,0,3,0,6,7,0
ASV339,0,0,0,0,0,0,0,0,0,0,0,0,0,0,0,1,0,0,0,0,6,0,0,0,28,80,190,93,266,4,0,2,0,0,0,107,1,1,135
ASV342,0,0,0,0,0,0,228,34,25,81,30,0,0,0,0,0,0,0,0,0,0,0,0,0,0,1,0,0,0,0,6,9,12,11,3,0,0,0,0
ASV353,0,0,0,0,0,0,0,0,0,0,0,0,0,0,0,0,0,0,0,0,0,0,0,0,0,0,0,0,0,1,0,1,19,0,0,1,0,4,0
ASV356,3,10,2,47,14,17,363,136,656,158,16,0,0,0,1,0,0,0,0,0,0,0,0,0,0,0,0,0,4,0,0,1,0,0,0,0,0,0,0
ASV360,0,0,0,0,0,0,0,0,0,0,0,0,0,0,0,0,0,0,0,0,0,0,0,1,0,0,0,0,0,3,1,0,0,0,2,11,0,13,0
ASV370,0,0,0,0,0,0,1,57,2,0,2,16,127,33,68,3,7,51,8,2,0,0,0,0,3,53,17,8,12,15,2,20,0,1,33,2,4,1,0
ASV380,0,0,0,0,0,0,0,0,0,0,0,0,0,0,0,0,0,0,0,0,0,0,0,0,0,0,0,0,0,0,1,10,6,1,3,0,0,0,0
ASV407,0,0,0,0,0,0,14,2,16,2,11,0,0,0,0,0,0,0,0,0,0,0,0,0,0,0,0,0,0,0,3,6,28,6,0,0,0,0,0
ASV408,0,0,0,0,0,0,0,0,0,0,0,0,0,0,0,0,0,0,0,1,1,0,0,0,0,0,0,0,0,2,2,0,1,1,4,22,7,27,3
ASV412,0,2,0,3,1,0,10,9,39,8,31,29,2,0,10,0,6,5,3,0,7,9,1,0,0,0,0,0,1,1,0,0,0,0,1,1,1,0,0
ASV414,0,0,0,0,0,0,0,2,0,0,0,7,0,1,1,0,0,0,0,0,0,0,0,0,0,0,0,0,0,0,0,0,4,2,0,0,0,0,0
ASV422,0,0,0,0,0,0,0,0,0,0,0,1,0,0,0,0,0,0,0,0,0,0,0,1,0,1,0,1,0,3,0,1,0,0,0,2,2,15,0
ASV435,0,0,0,0,0,1,0,1,0,0,1,0,0,1,0,0,0,0,0,0,0,0,0,0,0,2,0,2,8,1,0,0,0,0,0,0,2,1,2
ASV443,0,2,0,0,0,1,1,1,0,2,0,0,1,3,1,6,2,0,3,0,2,0,0,0,20,0,1,0,0,1,5,0,3,3,0,0,0,0,0
ASV455,0,1,0,4,1,1,7,37,55,12,42,76,12,14,25,4,2,3,0,0,11,6,2,0,24,4,52,2,6,1,0,0,0,0,0,1,4,0,0
ASV487,0,0,0,0,0,0,0,0,0,0,0,0,0,0,0,0,0,0,0,0,0,0,1,0,0,0,0,0,0,1,0,0,0,0,4,2,0,4,1
ASV490,1,0,0,0,0,0,0,0,0,0,0,0,0,0,0,0,0,0,1,0,0,0,21,0,0,0,0,0,0,0,0,0,0,0,0,1,0,0,0
ASV491,0,1,0,0,0,1,0,0,1,0,0,0,0,0,0,0,0,0,0,0,1,0,0,1,39,75,223,91,109,0,0,0,0,0,0,72,7,2,54
ASV494,2,6,1,17,2,51,20,7,9,58,0,4,2,0,0,0,0,0,0,1,0,0,0,1,1,9,18,6,38,1,0,6,0,0,2,1,2,4,0
ASV496,0,0,0,0,0,0,0,0,0,0,0,1,0,0,0,0,0,0,0,0,0,0,0,0,0,0,0,1,0,7,0,0,0,0,0,52,3,31,2
ASV501,0,0,0,0,0,0,0,0,0,0,0,0,0,0,0,0,0,0,0,0,0,0,0,0,0,0,0,0,0,0,1,2,2,0,1,0,0,0,0
ASV522,1,13,1,4,1,0,0,0,0,0,0,0,0,0,0,0,0,1,0,5,4,13,13,7,2,0,0,0,0,0,0,0,0,0,0,0,0,0,0
ASV525,6,10,0,5,1,0,0,0,0,0,0,0,0,0,1,0,0,0,0,7,3,10,10,3,0,0,0,0,0,0,0,0,0,0,0,0,0,0,0
ASV527,0,0,0,0,0,0,0,0,0,0,0,2,0,0,0,0,0,0,0,0,0,0,0,0,0,0,0,0,0,2,0,2,0,0,1,25,2,22,0
ASV533,0,1,0,0,0,0,0,0,0,3,0,1,0,2,0,57,32,3,109,3,0,0,0,0,0,0,0,2,0,3,6,4,27,10,0,1,0,0,1
ASV535,0,0,0,0,0,0,0,0,0,0,0,0,0,0,0,0,0,0,0,0,0,0,0,0,0,0,0,0,0,2,0,0,2,0,1,18,7,27,10
ASV538,1,2,0,0,0,0,1,0,1,0,0,7,3,4,2,0,0,1,0,2,0,6,1,9,3,0,0,0,0,2,1,1,3,0,1,0,0,9,0
ASV547,0,0,0,0,0,0,289,89,70,39,33,0,1,0,0,0,0,0,0,0,1,0,0,0,0,0,0,0,0,0,13,74,61,26,17,0,0,0,0
ASV549,0,0,0,0,0,0,184,349,1035,303,219,0,0,0,1,0,0,0,0,0,0,0,0,0,0,0,1,0,0,0,2,55,23,2,22,0,0,0,0
ASV551,0,0,0,1,0,0,0,1,0,0,0,0,3,8,0,0,0,0,3,1,2,6,35,6,36,5,2,0,0,0,12,0,0,8,0,0,7,0,0
ASV553,0,0,0,0,0,0,0,0,0,0,0,0,0,0,0,0,0,0,0,0,0,0,0,0,0,0,0,0,0,0,0,0,2,0,1,2,1,8,2
ASV555,1,1,3,2,3,1,4,9,0,0,7,7,8,20,20,0,1,33,0,6,6,6,8,3,1,3,22,7,9,0,0,0,0,0,0,0,2,0,0
ASV556,0,0,0,0,0,0,0,0,0,0,0,1,0,0,0,0,0,0,0,0,0,0,0,0,0,0,0,0,0,6,0,1,0,0,0,4,0,7,0
ASV567,0,0,0,0,0,0,0,0,0,2,0,0,0,0,0,0,0,0,0,0,0,0,0,0,0,0,0,0,0,0,0,0,0,0,0,0,0,0,0
ASV568,0,1,2,0,0,2,13,2,2,0,1,0,0,0,0,0,0,0,0,0,5,0,0,0,26,22,37,28,24,5,19,4,4,4,4,1,0,0,0
ASV569,0,0,0,0,1,2,0,1,0,0,0,2,1,8,1,0,2,43,2,1,0,0,1,0,0,6,0,18,0,2,0,5,0,0,16,0,2,71,0
ASV588,0,0,0,0,0,0,0,0,0,0,0,1,0,0,0,0,0,0,0,0,0,0,0,0,0,0,0,0,0,0,0,0,0,0,0,0,0,0,0
ASV595,0,0,0,0,0,0,0,0,0,0,0,0,0,0,0,0,0,0,0,0,3,0,2,14,1,0,0,0,0,0,0,0,0,0,0,0,0,0,0
ASV598,0,0,0,0,0,0,0,0,0,0,0,0,0,0,0,0,0,0,0,0,0,0,0,0,0,0,0,2,0,0,0,0,0,0,1,0,0,0,0
ASV606,0,0,0,0,0,0,0,0,0,0,0,0,0,0,0,0,0,0,0,0,0,0,0,0,0,0,0,0,0,0,0,2,0,0,0,2,0,0,1
ASV609,1,0,0,0,0,0,0,2,0,0,1,0,0,0,0,0,0,0,0,0,0,0,0,0,0,0,0,0,0,0,0,0,0,0,0,0,0,0,0
ASV612,4,3,2,3,19,0,0,0,0,0,0,2,4,0,0,0,1,8,3,1,3,0,1,0,1,21,38,37,58,0,0,1,1,0,0,0,1,0,0
ASV619,0,0,0,0,0,0,1,0,0,0,3,0,1,0,0,0,0,0,0,0,0,0,0,0,0,0,0,3,0,0,0,0,0,0,0,0,1,2,0
ASV622,0,0,0,1,0,1,0,0,0,0,0,0,1,2,0,0,0,0,0,1,2,2,42,8,20,1,0,0,1,0,3,0,0,4,2,0,0,0,0
ASV626,1,1,0,7,1,0,1,5,1,0,7,1,1,14,13,0,0,19,0,15,2,90,17,17,1,4,2,6,1,8,0,6,0,0,8,0,0,36,0
ASV633,0,0,0,0,0,0,0,0,0,0,0,1,0,0,0,0,0,0,0,0,0,0,0,0,0,0,0,0,0,3,0,1,0,0,4,0,0,17,1
ASV635,0,0,0,0,0,0,0,0,0,0,0,1,0,0,0,0,0,0,0,0,6,2,3,0,24,40,62,38,88,1,0,0,0,0,0,78,10,0,106
ASV639,0,3,0,1,0,3,18,33,34,15,45,97,17,11,38,3,0,17,0,2,16,0,0,1,0,14,105,10,19,11,0,25,9,0,12,0,3,3,0
ASV641,0,0,0,0,0,0,0,0,0,0,0,1,0,0,0,0,0,0,0,0,0,0,0,0,0,0,0,0,0,1,1,0,0,1,1,7,0,19,1
ASV652,0,0,0,0,0,0,0,0,0,0,0,0,0,0,0,0,0,0,0,1,0,0,0,0,0,0,0,0,0,3,0,0,0,0,4,10,0,1,3
ASV659,0,0,0,0,0,0,33,24,96,32,50,0,0,0,0,0,0,0,0,0,0,0,0,0,0,0,0,0,0,0,0,4,0,1,0,0,0,0,0
ASV668,0,0,0,0,0,0,0,0,0,0,0,0,0,0,0,0,0,0,0,0,0,0,0,0,0,0,0,0,0,2,0,0,0,0,1,0,0,11,1
ASV669,0,0,0,0,0,0,1,3,7,0,5,13,0,7,3,1,1,0,3,0,1,0,0,0,0,0,4,0,0,0,0,1,0,0,0,0,0,0,0
ASV682,0,1,0,0,0,1,0,0,1,0,0,0,0,0,0,1,0,0,2,1,3,4,26,3,16,1,0,0,0,0,3,1,0,5,0,1,0,0,0
ASV683,2,3,4,3,3,0,2,14,0,0,2,7,7,21,4,7,20,2,7,1,0,4,1,1,0,0,2,3,0,1,0,1,15,1,0,6,0,1,1
ASV698,0,0,0,0,0,0,17,34,16,8,115,0,0,0,0,0,0,0,0,0,0,0,0,0,0,0,0,0,0,0,2,1,33,3,0,0,0,0,0
ASV703,0,0,0,0,0,0,0,2,1,0,2,0,1,0,3,7,21,1,13,15,18,10,28,36,13,0,0,0,0,0,0,0,0,0,0,51,0,1,28
ASV706,0,3,1,1,1,0,0,0,0,0,0,0,0,0,0,0,0,0,1,8,15,55,17,2,0,0,0,0,0,1,1,4,3,0,0,3,2,0,5
ASV711,0,0,0,0,0,0,0,0,0,0,0,0,0,1,0,4,1,0,11,0,0,0,0,1,0,0,0,5,2,4,31,11,28,50,3,0,2,1,0
ASV715,0,0,0,0,0,0,0,0,0,0,0,0,0,0,0,0,0,0,0,0,0,0,0,0,0,0,0,0,0,4,0,1,0,0,0,17,0,0,1
ASV723,0,2,0,0,1,3,0,17,1,4,90,24,35,100,111,15,5,276,35,7,2,3,3,4,8,16,36,13,10,24,5,35,1,0,38,127,40,74,3
ASV729,0,0,0,0,0,0,0,0,0,0,0,0,0,0,0,0,0,0,0,0,0,0,0,0,0,0,0,0,0,0,0,2,1,2,0,3,0,0,0
ASV737,0,0,0,0,0,0,0,0,0,0,0,0,0,0,0,0,0,0,0,0,0,0,0,0,0,0,0,0,0,0,0,2,2,1,1,0,0,0,0
ASV749,0,0,0,0,0,0,1,0,5,0,1,3,1,1,4,2,0,0,3,0,0,0,0,0,1,0,1,0,1,0,0,0,3,0,0,0,0,0,0
ASV753,0,0,0,3,1,2,7,86,6,24,22,10,7,1,12,1,0,0,3,0,0,0,0,0,0,0,0,0,0,0,0,3,0,0,1,0,0,0,0
ASV755,0,0,0,0,0,0,0,0,0,0,0,0,0,0,0,0,0,0,0,0,0,0,0,0,0,0,0,0,0,0,2,3,0,0,2,0,0,0,0
ASV756,0,0,0,0,0,0,5,6,1,0,43,0,0,0,0,0,0,1,0,0,0,0,0,0,0,0,0,0,0,0,1,74,0,0,13,0,0,0,0
ASV764,0,0,0,0,0,0,0,0,0,0,0,0,0,0,0,0,0,0,0,0,0,0,0,0,0,0,0,0,0,0,0,0,2,2,0,0,2,14,0
ASV766,0,0,0,0,0,0,0,0,0,0,0,0,0,0,0,0,0,0,0,0,0,0,0,0,0,0,0,0,0,0,0,91,2,1,1155,0,0,0,0
ASV769,0,0,0,0,0,0,0,0,0,0,0,0,0,1,0,0,0,0,0,0,0,0,0,0,0,0,0,0,0,0,0,5,0,0,2,0,0,0,0
ASV787,0,0,0,0,0,0,0,0,0,0,0,0,0,1,0,2,4,0,9,0,0,0,0,0,0,0,0,0,0,0,0,0,0,1,0,0,8,0,0
ASV801,0,0,0,0,0,0,0,2,0,0,4,0,0,0,0,0,0,0,0,0,0,0,0,0,0,0,0,0,0,0,49,4,4,60,0,0,0,0,0
ASV804,0,0,0,0,0,0,0,0,0,0,0,0,0,0,0,0,0,0,0,0,0,0,0,0,0,0,0,0,0,0,0,1,1,0,2,0,0,2,0
ASV812,0,0,0,0,0,0,0,0,0,0,0,0,0,0,0,0,0,0,0,0,0,0,0,0,0,0,0,0,0,0,0,1,3,1,29,1,1,0,5
ASV813,0,1,2,1,0,0,0,0,0,0,0,0,10,5,0,0,0,4,1,2,0,0,2,0,1,6,0,1,0,9,2,22,0,2,10,0,1,2,1
ASV815,0,0,0,0,0,0,0,0,0,0,0,0,0,0,0,0,0,0,0,0,0,0,0,0,0,1,0,0,0,2,1,1,0,0,2,8,0,1,0
ASV816,87,151,69,419,503,17,0,0,2,0,0,0,0,0,0,0,0,0,0,3,0,13,7,3,0,0,0,0,0,0,0,0,0,0,0,0,0,0,0
ASV824,1,5,0,2,0,0,0,0,0,0,0,0,0,0,0,0,0,0,0,2,2,9,11,5,0,0,0,0,0,0,0,0,0,0,0,0,0,0,2
ASV827,0,0,0,0,0,0,0,0,0,0,0,0,0,0,0,0,0,0,0,0,0,0,0,0,0,0,0,0,0,2,0,0,0,0,0,15,0,3,0
ASV828,0,0,0,0,0,0,0,0,0,0,0,0,0,0,0,0,0,0,0,0,0,0,0,0,0,0,0,0,0,0,1,4,2,0,2,0,0,0,0
ASV836,0,0,0,0,0,0,0,0,1,0,0,0,0,0,0,0,0,0,0,0,0,0,0,0,0,0,0,0,0,0,0,12,0,0,0,0,0,0,0
ASV838,0,1,2,3,1,1,12,44,119,35,9,15,0,3,5,2,1,21,0,1,5,0,3,0,0,3,59,7,6,4,0,2,1,0,1,1,0,0,0
ASV841,36,38,37,90,60,2,0,0,0,0,0,0,0,0,1,0,0,0,2,0,0,2,0,2,0,0,0,0,0,0,0,0,0,0,0,0,0,0,0
ASV845,0,0,0,1,0,0,2,0,0,1,1,2,0,0,1,1,2,0,0,0,0,0,0,0,1,0,2,2,0,1,1,0,3,2,0,0,0,0,0
ASV846,0,0,0,0,0,0,0,0,0,0,0,0,0,0,0,0,0,0,0,0,0,0,0,0,0,0,0,0,0,2,0,0,0,0,0,0,0,36,0
ASV849,0,0,0,0,0,0,0,0,0,0,0,0,0,0,1,12,21,0,20,3,0,1,0,8,1,1,1,1,0,1,3,1,5,1,0,0,0,0,0
ASV851,2,10,0,2,1,0,0,0,0,0,0,0,0,0,0,0,0,0,0,4,0,1,8,1,1,0,0,0,0,0,0,0,0,0,0,0,0,0,0
ASV855,0,0,1,0,0,0,0,1,0,0,3,2,4,6,4,2,0,0,0,0,1,0,2,0,19,0,2,2,0,0,2,0,2,1,1,0,4,0,0
ASV856,0,0,0,0,0,0,0,0,0,0,0,0,0,1,0,0,0,0,0,0,0,0,0,0,0,0,0,0,0,0,0,0,0,0,0,8,2,4,0
ASV870,0,0,0,0,0,0,1,0,0,0,2,0,0,0,0,0,0,0,0,0,0,0,0,0,0,0,0,0,0,0,10,238,4,3,72,0,0,0,0
ASV874,0,0,0,3,0,0,1,7,23,4,1,0,0,0,0,0,0,0,0,0,1,0,0,0,0,1,0,0,0,0,0,0,0,0,0,0,0,0,0
ASV876,0,0,0,0,0,0,0,0,0,0,0,0,0,0,0,0,0,0,0,0,0,0,1,0,0,0,0,0,0,0,0,1,0,0,0,0,0,1,1
ASV878,0,0,0,0,0,0,0,0,0,0,0,0,0,0,0,0,0,0,0,0,1,0,0,0,20,25,79,34,97,1,0,0,0,0,0,30,3,1,66
ASV879,0,0,0,0,0,0,0,0,0,0,0,0,0,0,0,0,0,0,0,0,0,0,1,0,15,24,89,44,93,1,0,0,0,0,0,20,0,0,46
ASV886,1,2,0,0,3,0,0,0,0,0,0,0,0,0,0,0,0,0,0,0,2,0,0,0,0,0,0,0,0,0,0,0,2,0,0,0,0,1,1
ASV890,0,0,0,0,0,0,0,0,0,0,0,1,0,0,0,1,0,0,0,0,0,0,0,0,0,0,0,0,0,0,0,0,4,1,1,0,0,1,0
ASV897,0,0,0,0,0,0,0,0,0,0,0,0,0,0,0,0,0,0,0,0,0,0,0,0,0,0,0,0,0,1,0,0,1,0,0,0,0,6,0
ASV898,0,0,0,0,0,0,1,6,2,28,6,0,0,0,0,0,0,0,0,0,0,0,0,0,0,0,0,0,0,0,11,0,73,15,0,0,0,0,0
ASV901,8,55,24,57,71,5,0,0,0,0,0,0,0,1,1,0,0,0,0,1,0,7,13,7,0,0,0,0,0,0,0,0,0,0,0,0,0,0,0
ASV902,1,0,0,1,0,0,0,0,1,0,0,0,5,4,0,0,0,5,0,0,1,4,3,1,4,6,1,1,0,5,1,11,0,1,5,0,0,13,0
ASV913,0,0,0,0,0,0,0,0,0,0,2,0,0,0,0,0,0,0,0,0,0,0,0,0,0,0,0,0,0,0,107,50,572,180,11,0,0,0,0
ASV916,0,0,0,0,0,1,0,0,2,0,2,1,1,0,0,0,0,0,0,0,0,0,0,0,1,0,0,0,0,0,1,1,3,0,0,0,0,0,0
ASV922,0,0,2,0,0,0,0,1,0,0,1,0,0,4,0,4,1,0,10,0,0,0,0,0,0,0,0,3,1,1,6,0,26,11,0,0,0,0,0
ASV926,0,0,0,0,0,0,0,0,0,0,0,0,0,0,0,0,0,0,0,0,0,0,0,0,0,0,0,0,0,0,0,0,1,0,1,0,2,3,3
ASV932,0,0,0,0,0,0,0,0,0,0,0,0,0,0,0,0,0,0,0,0,0,0,0,0,0,0,0,0,1,3,0,0,0,0,1,0,0,25,0
ASV933,0,0,0,0,0,0,66,16,117,50,5,0,0,0,0,0,0,0,0,0,0,0,0,0,0,0,0,0,0,0,0,0,1,0,0,0,0,0,0
ASV937,0,0,0,0,0,0,0,0,0,0,0,0,2,0,0,0,0,0,0,0,0,0,0,0,0,0,0,0,0,3,0,0,0,0,1,33,1,2,0
ASV950,0,0,0,0,0,1,0,0,0,0,0,0,0,0,0,0,0,1,0,0,0,0,0,0,17,14,57,38,79,0,0,0,0,0,0,35,0,0,43
ASV953,0,0,0,0,0,0,0,0,0,0,0,0,0,0,0,0,0,0,0,0,1,0,2,0,2,0,0,0,1,0,0,0,0,0,0,0,0,0,0
ASV959,0,0,0,0,0,0,0,0,0,0,0,0,0,0,0,0,0,0,0,0,0,0,0,0,0,0,0,0,0,0,1,0,0,0,1,6,0,2,2
ASV962,0,0,0,0,0,0,0,0,0,0,0,0,0,0,0,0,0,0,0,0,0,0,0,0,0,1,0,1,0,1,0,0,0,0,2,5,7,6,0
ASV963,0,0,0,0,0,0,0,1,0,0,0,0,0,0,0,0,0,0,0,0,0,0,0,0,0,0,0,0,0,1,0,0,0,0,0,0,0,5,0
ASV965,0,0,0,0,0,0,0,0,0,0,0,0,0,0,0,0,1,0,0,0,0,0,0,0,0,0,0,0,0,3,0,0,0,0,1,6,0,13,0
ASV973,0,1,0,4,0,0,2,2,5,4,2,3,1,4,4,0,0,2,0,1,7,1,0,0,1,0,1,0,0,0,0,0,0,0,0,0,3,0,0
ASV978,0,0,0,0,0,0,0,0,0,0,0,0,0,0,0,0,0,0,0,0,0,0,0,0,0,0,0,0,0,1,0,0,1,0,3,0,0,0,0
ASV979,0,0,0,0,0,0,0,0,0,0,0,0,0,0,0,0,0,0,0,0,0,0,0,0,0,0,0,0,0,0,1,2,0,0,1,44,0,0,0
ASV986,0,0,0,0,0,0,0,0,0,0,0,0,0,0,0,0,0,0,0,0,0,0,0,0,0,0,0,0,0,1,0,0,0,1,0,7,0,7,0
ASV988,0,0,0,0,0,0,0,0,0,0,0,0,0,0,0,0,0,0,0,0,0,0,0,0,0,1,0,0,1,2,0,0,0,0,3,41,1,23,4
ASV991,0,1,3,4,0,24,3,0,0,0,1,0,0,0,0,0,0,0,0,0,1,1,1,0,8,0,0,7,1,0,0,0,0,0,0,0,0,0,0
ASV994,0,0,0,0,0,0,0,0,0,1,0,0,15,1,8,1,1,19,0,0,0,0,0,0,0,17,2,1,3,6,0,2,1,0,3,0,0,0,0
ASV1000,0,0,0,0,0,0,0,1,6,0,0,0,0,0,0,0,0,0,0,0,0,0,0,0,0,0,0,0,0,0,0,1,4,0,0,0,1,0,0
ASV1003,1,0,0,0,0,0,0,0,0,0,0,3,1,0,0,6,2,1,0,0,0,0,0,1,3,0,0,3,2,1,8,0,26,13,0,0,0,0,0
ASV1004,0,0,0,0,0,0,0,0,0,0,0,0,0,0,0,0,0,0,0,0,0,0,0,0,0,0,0,0,0,0,0,1,0,1,0,0,0,0,0
ASV1006,0,0,0,0,0,0,0,0,0,0,0,0,0,0,0,0,0,0,0,0,0,0,0,0,0,0,0,0,0,0,0,2,1,2,1,0,0,0,0
ASV1007,0,1,1,0,0,8,2,9,2,1,9,27,3,1,9,2,3,0,0,0,0,0,0,0,3,1,4,2,1,0,0,0,1,0,0,0,1,2,0
ASV1010,0,0,0,0,0,0,0,0,0,0,0,0,0,0,0,0,0,0,0,0,0,0,0,0,0,0,0,0,0,0,0,1,1,0,17,122,2,15,25
ASV1012,17,39,38,7,6,2,0,11,0,0,1,4,0,12,10,11,12,5,4,0,0,1,0,0,0,0,0,1,2,4,1,4,11,1,3,0,0,3,0
ASV1016,0,0,0,0,0,1,0,1,1,0,1,3,0,0,2,0,0,0,0,0,1,0,0,0,0,0,0,4,0,1,1,0,3,0,0,0,1,0,0
ASV1017,175,258,321,45,28,7,0,0,0,0,0,0,0,0,0,0,0,0,0,4,1,4,3,0,0,0,0,0,0,0,0,0,0,0,0,0,0,0,0
ASV1019,0,0,0,0,0,0,0,0,0,0,0,1,0,0,0,0,0,0,0,0,0,0,1,0,0,0,0,0,0,0,0,0,0,0,5,0,0,3,0
ASV1021,0,0,1,1,0,6,1,1,2,0,4,11,2,0,10,0,0,1,0,0,1,0,0,0,6,0,4,0,2,0,0,0,2,0,0,1,0,1,0
ASV1023,0,0,0,0,0,0,0,0,0,0,0,0,0,0,0,0,0,0,0,0,0,0,1,0,0,0,0,0,0,0,0,2,1,0,0,7,1,7,0
ASV1026,1,0,1,5,3,44,7,64,31,32,51,64,21,32,64,3,8,2,0,3,1,8,0,2,1,2,4,2,9,1,0,21,1,0,14,0,0,1,0
ASV1032,2,0,1,0,0,0,0,0,0,0,0,0,2,1,0,0,1,3,0,1,0,0,0,0,1,3,0,1,0,20,0,4,0,1,13,1,2,3,0
ASV1050,0,0,0,0,0,0,3,0,0,1,1,0,0,0,0,0,0,0,0,0,0,0,1,0,0,0,0,0,0,0,40,1,4,39,0,0,0,0,0
ASV1051,0,0,0,0,0,0,0,0,0,0,0,1,0,0,0,0,0,0,0,0,1,2,0,0,5,17,66,39,87,0,0,0,0,0,0,18,0,1,25
ASV1062,0,0,0,0,0,0,0,0,0,0,0,0,0,0,0,0,0,0,0,0,0,0,0,0,0,0,0,0,0,0,0,0,0,0,2,1,0,1,0
ASV1064,0,0,0,0,0,0,0,0,0,0,0,0,0,0,0,0,0,0,0,0,0,0,0,0,0,0,0,1,0,1,1,0,2,0,1,0,0,2,0
ASV1081,0,0,0,0,0,0,0,0,0,0,0,0,0,0,0,0,0,0,0,0,0,0,0,0,0,0,0,0,0,2,0,0,2,0,1,4,2,8,0
ASV1093,0,0,0,0,0,0,0,0,0,0,0,0,0,0,0,0,0,0,0,0,1,0,0,1,10,30,53,37,81,3,0,0,0,0,0,12,1,0,25
ASV1098,0,0,0,2,0,2,2,4,17,7,0,0,0,0,0,0,0,2,0,0,2,0,0,0,1,0,0,1,0,0,0,0,0,0,0,0,0,0,0
ASV1102,0,0,3,0,0,1,14,16,3,4,1,1,1,3,3,12,4,3,5,6,19,7,4,9,6,0,3,5,0,0,2,2,3,0,2,39,0,1,1
ASV1106,0,2,0,32,0,1,47,39,138,118,24,9,6,3,11,1,0,0,0,0,2,0,0,0,0,0,2,0,1,0,0,4,1,0,0,0,0,11,0
ASV1119,0,2,0,4,1,0,7,2,8,8,0,0,0,0,0,0,0,0,0,0,2,0,0,0,0,0,0,0,0,0,0,0,0,0,0,0,1,0,0
ASV1124,0,0,0,0,0,0,0,0,0,0,0,0,0,0,0,0,0,0,0,0,0,0,0,0,0,0,0,0,0,0,0,0,0,0,0,5,3,0,5
ASV1127,0,0,0,0,0,0,0,0,0,0,0,0,0,0,0,0,0,0,0,0,0,0,0,0,0,0,0,0,0,2,0,1,0,0,0,6,0,0,1
ASV1131,3,4,0,0,0,0,0,0,0,0,0,0,0,0,0,0,0,0,0,4,1,7,2,2,0,0,0,0,0,0,0,0,0,0,0,2,1,0,0
ASV1136,0,0,1,1,0,0,0,0,0,0,3,1,2,19,8,0,0,8,1,10,0,52,18,5,0,5,0,4,0,6,0,1,0,0,2,0,1,13,0
ASV1146,0,0,0,0,0,0,0,0,0,0,0,0,0,0,0,0,0,0,0,0,0,0,0,1,0,0,0,0,0,0,0,0,0,0,2,1,0,5,0
ASV1162,0,0,0,0,0,0,0,0,0,0,0,0,0,0,0,0,0,0,0,0,0,0,0,0,0,0,0,0,0,0,1,0,0,0,7,3,0,7,0
ASV1164,0,0,0,0,0,0,0,0,0,0,0,0,0,0,0,0,0,0,0,0,0,0,0,0,0,0,0,0,0,0,1,0,0,0,0,44,1,3,1
ASV1169,0,0,0,0,0,0,0,0,0,0,0,0,0,0,0,0,0,0,0,0,0,0,0,0,0,0,0,0,0,0,0,0,1,0,1,0,0,9,0
ASV1177,0,0,0,0,0,0,0,0,0,0,0,0,0,0,0,0,0,0,0,0,7,1,3,1,0,0,0,0,0,0,0,0,0,0,0,0,0,0,0
ASV1179,0,0,0,0,0,0,0,0,0,0,0,0,0,0,0,0,0,0,0,0,0,0,0,0,0,0,0,0,0,0,0,0,0,0,0,1,0,4,0
ASV1180,0,1,0,0,2,3,24,3,0,0,0,0,0,0,0,0,0,0,0,0,0,0,0,0,2,8,7,4,0,0,0,0,0,0,0,0,1,0,0
ASV1181,0,0,0,0,0,0,0,0,0,0,0,0,0,0,0,0,0,0,0,0,0,0,0,0,0,0,0,0,0,0,0,0,0,0,0,0,0,0,7
ASV1183,0,0,0,1,0,27,5,2,0,4,0,0,0,0,0,0,0,0,0,0,2,0,2,0,5,8,2,15,4,0,0,0,0,0,0,1,0,0,0
ASV1193,0,0,0,0,0,0,57,201,468,175,5,0,0,0,0,0,0,0,0,0,0,0,0,0,0,0,0,0,0,0,3,3,116,6,2,0,0,0,0
ASV1194,0,2,3,0,1,0,0,0,0,0,0,2,3,12,0,0,1,0,0,0,0,3,4,0,0,5,0,1,0,11,2,12,0,1,11,0,3,11,0
ASV1196,0,0,0,0,0,0,0,0,0,0,1,0,0,0,0,0,0,0,0,0,0,0,0,1,0,0,0,0,0,0,0,0,0,0,0,0,0,0,0
ASV1206,0,0,0,0,0,0,1,6,1,0,2,1,19,10,19,2,0,4,1,0,2,0,0,0,0,10,13,6,1,6,1,3,0,1,5,0,0,0,0
ASV1210,0,0,0,0,0,0,0,0,0,0,0,0,0,0,0,0,0,0,0,0,0,0,0,0,0,0,0,0,0,0,0,0,0,3,0,9,0,2,0
ASV1226,0,0,0,0,0,0,0,0,0,0,0,0,0,0,0,0,0,0,0,0,0,0,0,0,0,0,0,0,0,0,0,0,1,0,0,0,1,3,0
ASV1233,0,5,7,6,8,87,13,3,3,2,3,5,2,1,8,1,20,0,3,0,1,1,1,3,27,0,6,4,0,1,1,0,30,1,2,8,3,1,2
ASV1235,0,0,0,0,0,0,0,0,0,0,0,1,1,0,0,0,0,0,0,0,0,0,0,1,0,0,0,0,0,0,0,0,0,0,0,0,0,0,0
ASV1241,1,7,2,33,28,4,0,2,0,0,0,7,0,3,6,41,7,9,2,4,0,0,0,0,0,0,0,0,0,0,0,0,0,0,0,6,0,15,7
ASV1242,0,0,2,7,3,1,11,7,8,12,9,16,1,0,3,4,2,3,1,0,17,0,3,0,3,0,58,0,3,0,0,0,2,1,0,0,10,0,1
ASV1246,0,3,1,2,0,1,4,2,4,19,1,1,2,1,3,5,3,0,2,0,1,3,4,0,48,0,1,0,0,0,0,0,0,0,0,3,2,0,2
ASV1253,0,0,0,0,0,0,0,0,0,0,0,0,0,0,0,0,0,0,0,0,0,0,0,0,0,0,0,0,0,0,0,0,0,0,1,0,1,6,0
ASV1254,1,0,0,0,0,0,0,0,0,0,0,0,1,8,0,0,1,0,0,0,0,2,3,0,0,5,1,0,0,11,0,10,0,0,7,0,0,6,0
ASV1258,0,0,0,0,0,0,0,0,0,0,0,0,0,0,0,0,0,0,0,0,0,0,0,0,0,0,0,0,0,0,1,0,0,0,0,26,58,452,812
ASV1265,0,0,0,0,0,0,0,0,0,0,0,0,0,0,0,0,0,0,0,0,0,0,0,0,0,0,0,0,0,3,0,2,0,0,2,0,0,14,0
ASV1272,0,0,0,0,0,0,0,0,0,0,0,0,0,1,0,6,1,0,2,1,3,5,14,1,6,0,1,0,0,0,1,0,0,2,0,0,0,0,0
ASV1274,0,14,7,4,10,1,0,0,0,0,0,2,1,0,0,0,0,0,0,0,0,0,1,0,2,4,0,2,1,0,0,0,0,0,0,0,0,0,0
ASV1275,0,0,0,0,0,0,0,0,2,0,0,0,0,0,0,0,0,0,0,0,0,0,0,0,0,0,0,0,0,0,0,0,0,0,0,0,0,0,0
ASV1276,0,0,0,0,0,0,0,0,0,0,0,0,0,0,0,0,0,0,0,0,0,0,0,0,0,0,0,0,0,0,0,0,0,0,0,0,0,4,0
ASV1278,0,0,0,0,0,0,0,1,0,0,0,0,0,0,0,0,0,0,0,0,0,0,0,0,0,0,0,0,0,0,0,0,0,0,0,0,0,0,0
ASV1282,1,1,0,11,2,6,0,0,0,0,0,1,0,0,0,8,2,2,1,1,1,0,2,0,2,0,0,10,3,3,1,5,0,0,5,28,5,0,13
ASV1289,0,0,0,0,0,0,0,0,0,0,0,0,0,0,0,0,0,0,0,0,0,0,0,0,0,0,0,0,0,1,0,0,0,0,0,3,7,10,0
ASV1292,0,0,0,0,0,0,6,7,6,0,12,0,0,0,0,0,0,0,0,0,0,0,0,0,0,0,0,0,0,0,0,8,2,1,1,0,0,0,0
ASV1303,0,0,0,0,0,0,0,0,0,0,0,1,0,0,0,0,0,0,0,0,0,0,0,0,0,0,0,0,0,0,0,0,0,0,2,5,0,0,0
ASV1309,0,0,0,0,0,0,0,0,0,0,0,0,0,0,0,0,0,0,0,0,0,0,0,0,0,0,0,0,0,1,1,1,0,0,5,1,1,3,0
ASV1312,0,0,3,9,2,0,8,26,44,14,15,20,2,1,6,0,2,16,1,3,6,0,0,0,1,5,21,5,2,3,0,3,2,0,2,0,2,0,0
ASV1316,0,0,0,0,0,0,0,0,0,0,0,1,0,0,0,0,0,0,0,0,0,0,0,0,0,0,0,0,0,0,0,0,1,0,4,4,0,4,0
ASV1328,0,0,0,0,0,0,0,0,0,0,0,0,0,0,0,0,0,0,0,0,0,0,0,0,0,2,0,0,0,0,0,1,0,0,4,0,0,1,0
ASV1334,0,0,0,0,0,0,0,0,0,0,0,0,0,0,0,0,0,0,0,0,0,0,0,0,0,0,0,0,0,0,0,0,1,0,0,1,0,1,0
ASV1339,0,0,1,10,3,10,24,15,32,178,13,31,6,14,7,4,1,0,0,0,2,0,0,0,1,1,0,0,0,0,0,0,0,0,0,0,0,0,0
ASV1341,0,0,0,0,0,0,0,0,0,0,0,0,0,0,0,0,0,0,0,0,0,0,0,0,0,0,0,0,0,0,0,0,0,0,1,1,0,3,0
ASV1351,1,0,0,0,0,0,0,0,0,0,0,0,0,0,0,0,0,0,0,0,0,0,0,0,0,0,1,0,0,0,0,0,0,0,0,0,0,0,1
ASV1354,0,0,0,0,0,0,0,3,0,0,0,0,19,3,7,1,0,8,0,0,0,0,0,0,1,6,5,0,1,3,0,6,0,2,16,0,0,0,0
ASV1362,0,0,0,0,0,0,0,0,0,0,0,0,1,0,0,0,0,0,0,0,2,0,0,0,12,22,81,38,65,0,0,0,0,0,0,12,0,1,19
ASV1371,1,0,0,3,3,1,0,0,0,0,0,0,0,0,0,1,0,0,0,0,0,0,0,0,5,7,1,12,1,3,5,2,1,4,1,17,2,1,5
ASV1378,0,0,0,0,0,0,0,0,0,0,0,0,0,0,0,0,0,0,0,0,0,0,0,0,0,0,0,0,0,0,0,0,0,0,1,2,0,0,0
ASV1379,0,0,0,0,0,0,1,14,0,0,13,4,6,28,10,0,0,0,0,0,10,1,3,0,138,103,31,63,15,0,0,0,0,0,0,0,0,0,0
ASV1392,0,0,0,0,0,0,0,0,0,0,3,0,0,0,0,0,0,0,0,0,0,0,0,0,0,0,0,0,0,0,0,0,0,0,0,0,1,1,0
ASV1416,0,0,0,0,0,0,0,0,0,0,0,0,0,0,0,0,0,0,0,0,0,0,0,0,0,0,0,0,0,0,0,0,1,6,1,0,0,6,0
ASV1418,0,0,0,0,0,0,0,0,0,0,0,0,2,0,0,0,0,0,6,0,0,0,0,1,0,1,0,2,0,0,9,1,1,18,0,0,1,0,0
ASV1426,0,0,0,0,0,0,0,0,0,0,0,0,0,0,0,0,0,0,0,0,0,0,0,0,0,1,0,0,0,0,0,1,1,0,0,6,0,8,0
ASV1466,0,0,0,0,0,0,0,0,0,0,0,0,0,0,0,0,0,0,0,0,0,0,0,0,0,0,0,0,0,1,1,1,0,0,0,0,0,18,0
ASV1471,0,0,0,0,0,0,0,0,0,0,0,0,0,0,0,0,0,0,0,0,0,0,0,0,0,0,0,0,0,1,0,1,1,0,3,1,0,3,0
ASV1472,0,0,0,0,0,0,0,0,0,0,0,0,0,0,0,0,0,0,0,0,0,0,0,0,0,0,0,0,0,1,0,0,0,0,0,0,0,0,0
ASV1479,0,0,0,0,0,0,0,0,0,0,0,0,0,0,0,0,0,0,0,0,0,0,0,0,0,0,0,0,0,0,0,0,0,0,4,0,0,1,0
ASV1481,1,1,0,2,1,0,0,0,0,0,0,0,0,0,0,0,0,0,0,0,0,3,6,0,0,0,0,0,0,0,0,0,0,0,0,0,0,0,0
ASV1487,0,1,0,2,0,0,0,0,0,0,0,0,0,0,0,0,0,0,0,2,0,3,3,0,0,0,0,0,0,0,0,0,0,0,0,0,0,0,0
ASV1494,0,0,0,0,0,0,1,0,1,0,2,5,0,2,4,1,0,0,0,0,0,0,0,0,0,0,5,0,0,1,1,0,3,0,0,0,2,0,0
ASV1500,0,0,0,0,0,0,0,0,0,0,0,0,0,0,0,0,0,0,0,0,0,0,0,0,0,0,0,0,0,0,0,0,0,0,1,0,1,0,1
ASV1512,0,0,0,1,0,0,1,4,0,0,5,0,7,0,9,0,0,7,0,10,0,20,5,3,0,3,0,1,1,2,0,5,0,0,1,0,0,0,0
ASV1513,0,0,0,0,0,0,0,0,0,0,0,0,0,0,0,0,0,0,0,0,0,0,0,0,0,0,0,0,0,1,0,0,0,0,0,1,2,4,0
ASV1516,0,0,0,0,0,0,0,0,0,0,0,0,0,0,0,0,0,0,0,0,0,0,0,0,0,0,0,0,0,0,0,1,0,0,1,0,1,14,0
ASV1528,96,147,182,34,21,4,0,0,0,0,0,0,0,0,0,0,0,0,0,0,0,1,11,2,0,0,0,0,0,0,0,0,0,0,0,0,0,0,0
ASV1534,0,2,3,12,27,0,0,0,0,0,0,0,0,0,0,0,0,0,0,44,0,200,111,22,0,0,0,0,0,0,0,0,0,0,0,0,0,0,0
ASV1539,0,0,0,0,0,0,0,0,0,0,0,0,0,0,0,0,0,0,0,0,0,0,0,0,0,0,0,0,0,0,0,1,2,0,0,0,0,0,0
ASV1543,0,0,0,0,0,0,0,0,0,0,0,0,1,0,0,0,0,18,0,0,0,0,0,1,0,2,0,2,0,0,0,3,0,0,5,0,0,71,0
ASV1547,0,0,0,0,0,0,0,0,0,0,0,0,0,0,0,0,0,0,0,0,0,0,0,0,0,0,0,0,0,2,1,0,0,0,1,0,0,0,2
ASV1557,0,0,1,1,0,2,3,22,38,19,0,0,0,0,0,0,0,0,0,0,3,0,1,0,0,1,6,0,0,0,2,0,6,0,0,0,9,0,2
ASV1561,0,0,0,0,0,0,0,0,0,0,0,0,0,0,0,0,0,0,0,0,0,0,0,0,0,0,0,0,0,0,0,0,0,0,0,0,1,3,0
ASV1568,1,0,0,0,0,0,1,0,0,0,0,1,2,5,1,0,0,2,0,2,0,2,2,1,0,0,0,0,0,7,0,5,0,0,14,0,3,8,0
ASV1572,0,0,0,0,0,0,0,0,0,0,0,0,0,0,0,0,0,0,0,0,0,0,0,0,0,0,0,0,0,0,0,0,1,0,0,0,0,0,0
ASV1576,0,0,0,0,0,0,0,0,0,0,0,0,0,0,0,0,0,0,0,0,0,0,0,0,0,0,0,0,0,0,0,0,0,0,1,0,1,5,0
ASV1577,0,2,0,4,0,0,3,7,19,3,0,0,0,0,0,0,0,0,0,0,0,0,0,0,2,0,1,0,0,0,0,0,6,0,0,1,130,2,9
ASV1581,0,0,0,0,0,0,0,0,0,0,0,0,0,0,0,0,0,0,0,0,0,0,0,0,0,0,0,0,0,3,0,1,6,0,1,0,0,1,0
ASV1585,0,0,0,0,0,0,0,0,0,0,0,0,0,0,0,0,0,0,0,0,0,0,0,0,0,0,0,0,1,1,0,0,0,1,0,0,1,0,0
ASV1592,0,0,0,0,0,0,0,0,0,0,0,0,0,0,0,0,0,0,0,0,0,0,0,0,0,0,0,0,0,3,1,1,2,0,1,5,1,6,0
ASV1594,0,0,0,0,0,0,23,3,4,28,2,0,0,0,0,0,0,0,0,0,0,0,0,0,0,0,0,0,0,0,0,0,0,1,0,0,0,0,0
ASV1597,0,0,0,0,0,0,0,0,0,0,0,0,0,0,0,0,0,0,0,0,0,0,0,0,0,0,0,0,0,0,1,1,0,0,1,2,1,2,0
ASV1607,0,0,0,0,0,0,0,0,0,0,0,0,0,0,0,0,0,1,0,4,3,1,3,0,0,5,0,8,1,0,0,0,0,0,0,0,0,0,0
ASV1608,0,0,0,0,0,0,0,0,0,0,0,0,0,0,0,0,0,0,0,0,0,0,0,0,0,0,0,0,0,0,0,0,0,0,0,0,0,16,0
ASV1613,0,0,0,0,0,0,0,3,10,0,0,0,0,0,0,0,0,0,0,0,0,0,0,0,0,0,0,0,0,0,0,0,0,0,0,0,0,0,0
ASV1616,0,0,0,0,0,0,0,0,0,0,0,1,0,0,0,0,0,0,0,0,0,0,0,0,0,0,0,0,0,0,0,0,0,0,0,0,0,5,0
ASV1622,0,0,0,0,0,0,66,64,55,61,85,0,0,0,0,0,0,0,0,0,0,0,0,0,0,0,0,0,0,0,0,4,1,0,0,0,0,0,0
ASV1623,0,1,2,7,3,3,1,0,0,0,0,0,0,0,0,0,0,0,0,0,0,0,1,0,21,5,1,13,3,1,0,0,0,0,0,6,1,0,1
ASV1627,0,0,0,0,0,0,0,0,0,0,0,0,0,0,0,0,0,0,0,0,0,0,0,0,0,0,0,0,0,0,0,0,0,0,0,0,0,1,0
ASV1636,1,2,1,9,7,1,0,0,0,0,0,0,0,0,0,0,0,0,0,5,0,17,3,7,0,0,0,0,0,0,0,0,0,0,0,0,0,0,0
ASV1639,0,0,0,1,0,0,199,104,383,83,8,0,0,0,0,0,0,0,0,0,0,0,0,0,0,0,0,0,0,0,0,0,0,0,0,0,0,0,0
ASV1643,1,0,0,0,0,9,0,11,1,2,7,37,9,0,7,0,1,0,0,0,3,0,0,0,0,0,5,1,0,0,0,0,1,0,0,0,2,0,9
ASV1644,0,0,0,0,0,0,0,0,0,0,0,0,0,0,0,0,0,0,0,0,0,0,0,0,0,0,0,0,0,0,0,1,2,0,0,1,0,0,0
ASV1645,0,0,0,0,0,0,0,0,0,0,0,0,0,0,0,0,0,0,0,0,0,0,0,0,0,0,0,0,0,0,0,0,1,0,0,0,0,2,0
ASV1646,0,0,0,0,0,0,0,0,0,0,0,0,0,0,0,0,0,0,0,0,0,0,0,0,0,0,0,0,0,1,0,0,0,0,0,0,0,3,0
ASV1652,0,0,0,0,0,0,0,0,0,0,0,0,0,0,0,0,0,0,0,0,0,0,0,0,0,0,0,0,0,0,0,0,0,0,0,1,0,3,0
ASV1659,0,0,0,0,0,0,0,0,0,0,0,0,0,0,0,0,0,0,0,0,0,0,0,0,0,0,0,0,0,0,0,0,0,0,2,0,0,3,0
ASV1660,0,0,0,0,0,0,0,0,0,0,0,1,1,1,0,0,0,0,0,0,0,0,0,2,0,0,0,0,0,4,0,0,0,0,0,0,3,1,0
ASV1661,1,1,3,3,0,0,4,0,2,5,1,0,0,0,0,0,0,0,0,1,2,1,1,0,0,0,0,0,0,0,0,0,0,0,0,0,1,0,0
ASV1667,0,0,0,0,0,0,0,13,0,0,1,5,49,3,14,2,0,5,0,0,0,0,0,0,0,8,1,3,1,1,0,3,1,0,10,0,0,0,1
ASV1669,0,0,0,0,0,0,2,0,0,2,0,1,1,0,1,6,2,0,6,1,0,5,0,2,1,0,1,0,0,0,0,0,6,3,0,0,0,1,2
ASV1672,0,0,0,0,0,0,0,0,0,0,0,0,0,1,0,0,0,0,0,0,0,0,0,0,0,0,0,0,0,0,0,0,0,0,0,0,0,0,0
ASV1684,0,0,0,0,0,0,0,0,0,0,0,0,0,0,0,0,0,0,0,0,0,0,0,0,2,0,2,0,0,0,0,0,0,0,0,0,0,0,0
ASV1689,0,0,0,0,0,0,0,0,0,0,0,0,0,0,0,0,0,0,0,0,0,0,0,0,0,0,0,0,0,0,0,0,0,0,0,0,0,3,0
ASV1690,0,0,0,0,0,0,0,0,0,0,0,0,0,0,0,0,0,0,0,0,0,0,0,0,0,0,0,0,0,0,0,1,0,0,0,18,0,6,0
ASV1691,0,0,0,0,0,0,0,0,0,0,0,0,0,0,0,0,0,0,0,0,0,0,0,0,0,0,0,0,0,0,0,3,1,0,20,0,1,7,0
ASV1693,0,0,0,0,0,0,0,0,0,0,0,0,0,0,0,0,0,0,0,0,0,0,0,0,0,0,0,0,0,0,0,0,0,0,0,0,0,2,0
ASV1694,0,0,0,0,0,0,0,0,0,0,0,0,0,0,0,0,0,0,0,0,0,0,0,0,0,0,0,0,0,0,0,0,0,0,2,3,1,10,0
ASV1696,0,0,0,0,0,0,0,0,0,0,0,0,0,0,0,1,0,0,2,1,1,3,5,2,1,0,0,0,0,0,2,0,0,3,0,0,1,0,0
ASV1697,0,1,1,2,1,0,0,0,0,0,0,0,0,0,0,0,0,0,0,0,0,0,1,0,0,0,0,0,0,0,0,0,0,0,0,1,55,0,3
ASV1712,2,9,0,19,42,0,0,0,0,0,0,1,0,0,0,0,0,0,0,21,1,139,90,28,0,0,0,0,0,0,0,0,0,0,0,0,0,0,0
ASV1720,0,0,0,0,0,0,0,0,0,0,0,0,0,0,0,0,0,0,0,0,0,3,0,0,0,0,0,0,0,0,0,0,0,1,0,0,0,0,0
ASV1721,0,0,0,0,0,0,1,0,0,8,4,0,0,0,0,0,0,0,0,0,0,0,0,0,0,0,0,0,0,0,2,5,46,4,1,0,0,0,0
ASV1745,0,0,0,0,0,0,92,25,200,78,22,0,0,0,0,0,0,0,0,0,0,0,0,0,0,0,0,0,0,0,21,15,197,10,4,0,0,0,0
ASV1752,0,1,4,0,0,0,0,0,0,0,0,2,2,1,0,0,0,2,2,1,0,1,0,0,0,4,0,1,0,5,0,4,0,0,4,0,1,5,0
ASV1759,0,0,0,0,0,0,0,1,0,0,0,1,0,0,0,0,0,0,0,0,0,1,12,0,3,1,1,0,0,0,5,0,1,5,0,0,0,0,0
ASV1763,0,0,0,0,0,0,0,0,0,0,0,0,0,0,0,0,0,0,0,0,0,0,0,0,0,0,0,0,0,1,0,1,1,0,2,1,0,2,0
ASV1768,0,0,0,0,0,0,0,0,0,0,0,0,1,0,0,0,0,0,0,0,0,0,0,0,0,0,0,0,0,0,0,0,1,0,0,22,1,2,0
ASV1774,0,1,0,0,0,1,0,5,0,2,0,3,0,0,1,3,5,2,1,1,0,2,0,1,0,0,0,0,0,0,0,0,4,1,0,0,0,0,0
ASV1781,0,1,0,1,0,0,0,0,0,0,0,0,0,0,0,0,0,0,0,0,0,1,3,0,0,0,0,0,0,0,0,0,0,0,0,0,0,0,0
ASV1792,0,0,0,0,0,0,0,0,0,0,0,0,0,0,0,0,0,0,0,0,0,0,0,0,0,0,0,0,0,0,0,0,0,0,1,5,0,5,0
ASV1796,0,0,0,0,0,0,0,0,0,0,0,0,0,0,0,0,0,0,0,0,0,0,0,0,0,0,0,0,0,2,0,0,0,0,0,0,0,5,0
ASV1804,0,0,0,0,0,0,0,0,0,0,0,0,0,0,0,0,0,0,0,0,0,0,0,0,0,0,0,0,0,0,0,0,0,0,0,10,1,10,0
ASV1812,0,0,0,0,0,0,5,2,1,4,1,0,0,0,0,0,0,0,0,0,0,0,0,0,0,0,0,0,0,0,26,63,25,15,11,0,0,0,0
ASV1817,0,0,0,0,0,0,0,0,0,0,0,0,0,0,0,0,0,0,0,0,0,0,0,0,0,0,0,0,0,1,0,0,0,0,1,0,0,0,0
ASV1819,0,0,0,0,0,1,8,6,29,5,2,4,1,2,0,0,0,1,0,1,4,0,3,0,0,2,46,0,7,0,0,0,0,1,1,0,1,0,0
ASV1827,0,0,1,0,0,0,0,0,0,0,0,1,0,0,0,0,0,0,0,0,0,0,0,0,0,1,0,0,0,2,0,4,0,0,1,0,1,17,0
ASV1830,0,2,0,0,0,0,0,0,0,0,0,0,0,0,0,0,0,0,0,0,0,0,0,0,0,0,0,0,0,0,0,0,0,0,0,0,0,0,0
ASV1831,0,0,0,0,0,0,3,18,12,14,25,29,4,17,14,2,0,0,0,0,0,0,1,0,0,1,2,0,1,8,0,27,2,0,26,0,0,1,0
ASV1840,0,0,0,0,0,0,0,0,0,0,0,0,0,0,0,0,0,0,0,0,0,0,0,0,0,0,0,0,0,0,0,0,0,0,2,9,0,9,0
ASV1853,0,0,0,0,0,0,9,5,7,19,9,0,0,0,0,0,0,0,0,0,0,0,0,0,0,0,0,0,0,0,10,1,137,18,0,0,0,0,0
ASV1857,0,0,0,0,0,0,0,0,0,0,0,0,0,0,0,0,0,0,0,0,0,0,0,0,0,0,0,0,0,1,0,0,0,0,0,1,0,3,0
ASV1870,0,0,0,0,0,0,0,0,0,0,0,0,0,0,0,0,0,0,0,0,0,0,0,0,0,0,0,0,0,0,0,0,3,0,0,5,0,1,1
ASV1875,0,0,0,0,0,0,0,0,0,0,0,0,0,0,0,0,0,0,0,0,0,0,0,0,0,0,0,0,0,1,0,1,0,0,2,0,0,0,0
ASV1889,0,0,0,0,0,0,0,0,0,0,0,0,0,0,0,0,0,0,0,0,0,0,0,0,0,0,0,0,0,0,0,0,0,1,1,1,0,1,0
ASV1907,0,0,0,0,0,0,0,0,0,0,0,0,0,0,0,0,0,0,0,0,0,0,0,0,0,0,0,0,0,0,1,1,0,0,0,0,0,0,0
ASV1914,0,0,0,0,0,0,1,0,0,0,1,2,5,3,3,3,5,0,4,0,0,0,0,0,4,0,0,1,0,0,2,1,16,4,1,0,0,0,0
ASV1919,0,2,0,1,0,0,0,0,0,0,0,0,0,0,0,0,0,0,0,2,0,0,3,4,0,0,0,0,0,0,0,0,0,0,0,0,0,0,0
ASV1920,0,0,0,0,0,0,0,0,0,0,0,2,0,0,0,0,0,0,0,0,0,0,0,0,0,0,0,0,0,0,0,0,0,0,2,0,0,1,2
ASV1923,0,0,0,0,0,0,0,0,0,0,0,0,0,0,0,0,0,0,0,0,0,0,0,0,0,0,0,0,0,2,0,0,0,0,1,2,1,3,0
ASV1930,0,1,1,2,0,20,18,24,14,13,18,16,4,3,23,0,1,0,0,1,0,2,0,2,0,0,10,0,2,0,1,5,4,0,5,0,0,2,0
ASV1934,0,0,0,0,0,0,0,0,1,0,0,0,0,0,0,0,0,0,0,2,13,0,3,1,0,0,0,0,0,0,0,0,0,0,0,3,1,0,0
ASV1936,0,1,6,0,0,0,0,0,0,0,0,0,0,0,0,5,1,0,13,0,0,5,6,0,0,0,0,0,0,0,0,0,0,0,0,0,0,0,0
ASV1939,0,0,0,0,0,0,0,0,0,0,0,0,0,0,0,0,0,0,0,0,0,0,0,0,0,0,0,1,0,1,0,0,0,1,1,5,0,2,0
ASV1958,0,0,0,0,0,0,0,0,0,0,0,0,0,0,0,0,0,0,0,0,0,0,0,0,0,0,0,0,0,4,0,0,1,1,1,3,0,1,0
ASV1963,0,0,1,0,0,0,0,0,0,0,0,2,1,2,0,0,0,0,0,1,0,0,0,0,0,1,0,0,0,0,1,6,22,1,23,0,0,0,0
ASV1969,0,0,0,0,0,0,0,0,0,0,0,0,0,0,0,0,0,0,0,0,0,0,1,0,0,0,0,1,0,0,0,0,0,0,3,1,0,2,0
ASV1974,0,0,0,1,0,0,0,0,0,0,0,0,1,1,0,0,0,0,0,0,0,0,1,0,0,2,0,0,0,9,0,5,0,0,6,1,1,6,0
ASV1993,0,0,0,0,0,0,2,29,2,2,39,80,31,17,53,3,21,10,9,0,0,0,0,1,20,6,2,5,0,0,1,0,0,1,0,0,1,0,0
ASV2003,0,0,0,0,0,0,0,0,0,0,0,0,0,0,0,0,0,0,0,0,0,0,0,0,0,0,0,0,0,0,0,0,0,0,0,3,37,296,462
ASV2005,0,0,0,0,0,0,0,0,0,0,0,0,0,0,0,0,0,0,0,0,0,0,0,0,0,0,0,1,0,0,3,0,1,0,7,103,3,5,9
ASV2014,0,0,0,0,0,0,1,0,0,0,4,0,0,0,0,0,0,0,0,0,0,0,0,0,0,0,0,0,0,0,1,0,0,0,0,0,0,0,0
ASV2167,0,0,0,0,0,0,0,0,0,0,0,0,0,0,0,0,0,0,0,0,0,0,0,0,0,0,0,0,0,0,1,72,4,0,15,0,0,0,0
ASV2187,0,0,0,0,0,0,0,0,0,0,0,0,0,0,0,0,0,0,0,0,0,0,0,0,0,0,0,0,0,0,0,0,0,0,2,1,24,215,378
