Unnamed: 0,Kingdom,Phylum,Class,Order,Family,Genus,Species
JJ8,d__Eukaryota,p__Cryptophyta,c__Cryptophyceae,o__Cryptomonadales,f__Cryptomonadaceae,g__Cryptomonas,s__Cryptomonas ovata
JJ9,d__Eukaryota,p__Cryptophyta,c__Cryptophyceae,o__Cryptomonadales,f__Cryptomonadaceae,g__Cryptomonas,s__Cryptomonas erosa
JJ10,d__Eukaryota,p__Cryptophyta,c__Cryptophyceae,o__Cryptomonadales,f__Cryptomonadaceae,g__Chroomonas,s__Chroomonas acuta
JJ11,d__Eukaryota,p__Bacillariophyta,c__Coscinodiscophyceae,o__Melosirales,f__Melosiraceae,g__Aulacoseira,s__Aulacoseira granulata
JJ12,d__Eukaryota,p__Bacillariophyta,c__Centricae,o__Coscinodiscales,f__Coscinodiscaceae,g__Cyclotella,
JJ13,d__Eukaryota,p__Bacillariophyta,c__Pennatae,o__Naviculales,f__Cymbellaceae,g__Cymbella,
JJ14,d__Eukaryota,p__Bacillariophyta,c__Fragilariophyceae,o__Fragilariales,f__Fragilariaceae,g__Fragilaria,
JJ15,d__Eukaryota,p__Bacillariophyta,c__Fragilariophyceae,o__Fragilariales,f__Fragilariaceae,g__Synedra,
JJ16,d__Eukaryota,p__Bacillariophyta,c__Bacillariophyceae,o__Naviculales,f__Naviculaceae,g__Navicula,
JJ17,d__Eukaryota,p__Bacillariophyta,c__Fragilariophyceae,o__Fragilariales,f__Fragilariaceae,g__Asterionella,
JJ18,d__Eukaryota,p__Bacillariophyta,c__Bacillariophyceae,o__Bacillariales,f__Bacillariaceae,g__Nitzschia,
JJ19,d__Eukaryota,p__Chrysophyta,c__Chrysophyceae,o__Chromulinales,f__Dinobryaceae,g__Dinobryon,
JJ20,d__Eukaryota,p__Dinophyta,c__Dinophyceae,o__Peridiniales,f__Peridiniaceae,g__Peridinium,
JJ21,d__Eukaryota,p__Dinophyta,c__Dinophyceae,o__Peridiniales,f__Ceratiaceae,g__Ceratium,s__Ceratium hirundinella
JJ22,d__Eukaryota,p__Chlorophyta,c__Chlorophyceae,o__Chlorococcales,f__Scenedesmaceae,g__Scenedesmus,
JJ23,d__Eukaryota,p__Chlorophyta,c__Chlorophyceae,o__Chlorococcales,f__Scenedesmaceae,g__Crucigenia,
JJ24,d__Eukaryota,p__Chlorophyta,c__Chlorophyceae,o__Chlorococcales,f__Chlorellaceae,g__Ankistrodesmus,
JJ25,d__Eukaryota,p__Chlorophyta,c__Chlorophyceae,o__Chlorococcales,f__Chlorellaceae,g__Tetraedron,
JJ26,d__Eukaryota,p__Chlorophyta,c__Chlorophyceae,o__Chlorococcales,f__Scenedesmaceae,g__Tetrastrum,
JJ27,d__Eukaryota,p__Chlorophyta,c__Chlorophyceae,o__Chlorococcales,f__Scenedesmaceae,g__Tetrallantos,
JJ28,d__Eukaryota,p__Chlorophyta,c__Chlorophyceae,o__Chlorococcales,f__Oocystaceae,g__Nephrocytium,
JJ29,d__Eukaryota,p__Chlorophyta,c__Chlorophyceae,o__Volvocales,f__Volvocaceae,g__Eudorina,
JJ30,d__Eukaryota,p__Chlorophyta,c__Chlorophyceae,o__Volvocales,f__Volvocaceae,g__Pandorina,
JJ31,d__Eukaryota,p__Chlorophyta,c__Chlorophyceae,o__Chlorococcales,f__Characiaceae,g__Schroederia,
JJ32,d__Eukaryota,p__Chlorophyta,c__Chlorophyceae,o__Chlorococcales,f__Selenastraceae,g__Selenastrum,
JJ34,d__Eukaryota,p__Chlorophyta,c__Chlorophyceae,o__Ulotrichales,f__Ulotrichaceae,g__Ulothrix,
JJ35,d__Eukaryota,p__Chlorophyta,c__Zygnematophyceae,o__Desmidiales,f__Desmidiaceae,g__Staurastrum,
JJ36,d__Eukaryota,p__Chlorophyta,c__Chlorophyceae,o__Chlorococcales,f__Scenedesmaceae,g__Coelastrum,s__Coelastrum reticulatum
JJ37,d__Eukaryota,p__Chlorophyta,c__Chlorophyceae,o__Chlorococcales,f__Scenedesmaceae,g__Coelastrum,
JJ38,d__Eukaryota,p__Chlorophyta,c__Chlorophyceae,o__Chlorococcales,f__Oocystaceae,g__Oocystis,
JJ39,d__Eukaryota,p__Chlorophyta,c__Chlorophyceae,o__Chlorococcales,f__Chlorellaceae,g__Chlorella,
JJ40,d__Eukaryota,p__Chlorophyta,c__Zygnematophyceae,o__Zygnematales,f__Zygnemataceae,g__Mougeotia,
JJ41,d__Eukaryota,p__Bacillariophyta,c__Bacillariophyceae,o__Achnanthales,f__Cocconeidaceae,g__Cocconeis,
JJ42,d__Eukaryota,p__Chlorophyta,c__Chlorophyceae,o__Chlorococcales,f__Chlorellaceae,g__Lagerheimiella,
JJ43,d__Eukaryota,p__Chlorophyta,c__Chlorophyceae,o__Chlorococcales,f__Chlorococcaceae,g__Micractinium,
