ID,site,season
F15,S1,14_Spring
F25,S2,14_Spring
F26,S3,14_Spring
F27,S4,14_Spring
F28,S5,14_Spring
F29,S1,14_Summer
F39,S2,14_Summer
F40,S3,14_Summer
F41,S4,14_Summer
F42,S5,14_Summer
F43,S1,14_Autumn
F53,S2,14_Autumn
F54,S3,14_Autumn
F55,S4,14_Autumn
F56,S5,14_Autumn
F57,S1,14_Winter
F68,S3,14_Winter
F69,S4,14_Winter
F70,S5,14_Winter
F71,S1,15_Spring
F81,S2,15_Spring
F82,S3,15_Spring
F83,S4,15_Spring
F84,S5,15_Spring
F85,S1,15_Summer
F95,S2,15_Summer
F96,S3,15_Summer
F97,S4,15_Summer
F98,S5,15_Summer
F99,S1,15_Autumn
F109,S2,15_Autumn
F110,S3,15_Autumn
F111,S4,15_Autumn
F112,S5,15_Autumn
F113,S1,15_Winter
F123,S2,15_Winter
F124,S3,15_Winter
F125,S4,15_Winter
F126,S5,15_Winter
