,F15,F25,F26,F27,F28,F29,F39,F40,F41,F42,F43,F53,F54,F55,F56,F57,F68,F69,F70,F71,F81,F82,F83,F84,F85,F95,F96,F97,F98,F99,F109,F110,F111,F112,F113,F123,F124,F125,F126
JJ8,0,0,0.00038,0.000532,0.001228,0,0.003788,0.012368,0,0.021616,0,0,0,0,0,0,0,0,0,0,0,0,0,0,0.002308,0,0,0,0,0,0,0,0,0,0,0,0,0,0
JJ9,0,0,0,0,0,0,0,0,0,0,0,0,0,0,0.00162,0.0008,0,0,0.000752,0.002748,0,0,0,0,0,0,0,0,0,0,0,0,0,0,0,0,0,0,0
JJ10,0.00176,0.016444,0.007464,0.004604,0.00362,0,0,0.01224,0,0,0,0,0,0,0.003172,0.0072,0.007816,0,0.003756,0.000672,0,0,0,0,0.002064,0.010544,0.012188,0,0,0.023352,0.003976,0,0,0,0,0,0,0,0
JJ11,0.0166875,0.001677,0.0063,0.0132825,0.015447,0,0,0,0,0,0,0,0,0,0,0,0,0,0,0,0,0,0,0,0,0,0,0,0,0,0,0,0,0,0,0,0,0,0
JJ12,0.000408,0.001326,0.000948,0.0025095,0.001059,0,0,0,0,0,0,0,0,0,0.002361,0.0012,0,0,0.002823,0.015093,0.0156975,0.013596,0.007548,0,0.0007785,0,0,0,0,0,0,0,0,0,0,0,0,0,0
JJ13,0,0,0,0,0,0,0,0,0,0,0,0,0,0,0,0,0,0,0.000282,0,0,0,0,0,0,0,0,0,0,0,0,0,0,0,0,0,0,0,0
JJ14,0.004566,0.015392,0.001886,0,0.002498,0,0.00013,0,0,0.000132,0,0.000184,0,0,0,0,0,0,0,0.000184,0,0,0,0,0,0,0,0,0,0,0,0,0,0,0.033946,0.021586,0.022292,0.035776,0.024484
JJ15,0.000018,0,0.000168,0.00014,0.000128,0,0,0,0,0,0,0,0,0,0,0,0,0,0,0.000182,0,0,0,0,0,0,0,0,0,0,0,0,0,0,0,0,0,0,0
JJ16,0,0,0,0,0,0,0,0,0,0,0.002622,0,0,0,0.000956,0.0004,0,0,0,0,0,0,0,0,0,0,0,0,0,0,0,0,0,0,0,0,0,0,0
JJ17,0.000882,0.002238,0.006602,0.000916,0.00069,0,0,0,0,0,0,0,0,0,0,0,0,0,0,0,0,0,0,0,0,0,0,0,0,0,0,0,0,0,0,0,0,0,0
JJ18,0.000108,0,0,0,0,0,0,0,0,0,0,0,0,0,0,0,0,0,0,0,0,0,0,0,0,0,0,0,0,0,0,0,0,0,0,0,0,0,0
JJ19,0,0,0,0,0,0,0,0,0,0,0,0,0,0,0,0,0,0,0,0,0,0,0,0,0.046512,0.04734,0.024968,0.042392,0.043092,0,0,0,0,0,0.005656,0,0,0,0
JJ20,0,0,0,0,0,0,0,0,0,0,0.000904,0,0,0,0,0,0,0,0,0.000296,0,0,0,0,0,0,0,0,0,0,0.00032,0.000288,0,0,0,0.003592,0.001256,0,0
JJ21,0,0,0,0,0,0.000125,0.000165,0.000215,0.000435,0.001165,0.001095,0.00022,0.00048,0.00135,0,0,0,0.00015,0.000925,0,0.000335,0.000055,0.000255,0.000015,0.000245,0,0,0,0.00013,0.00011,0.0005,0.000595,0.00087,0.000645,0.000065,0,0,0,0
JJ22,0.0000196,0.0001728,0,0.000097,0.0000574,0.0014322,0.0011132,0,0,0,0.0001828,0,0,0,0.0005328,0.00096,0.0023556,0.0015682,0.0012082,0.0009072,0.0012886,0.0014114,0.002073,0.0018694,0,0,0,0.0008558,0.0007066,0,0.00042,0,0,0.000751,0,0,0,0,0
JJ23,0,0,0,0,0,0,0,0,0,0,0,0,0,0,0,0,0,0,0,0,0,0,0,0,0,0,0,0,0,0,0.0002075,0,0,0,0,0,0,0,0
JJ24,0,0,0,0,0,0,0,0,0,0,0,0,0,0,0,0,0,0,0.000111,0,0,0,0,0,0,0,0,0,0,0,0,0,0,0,0,0,0,0,0
JJ25,0,0.0001266,0,0.0000339,0.0000438,0.0010611,0,0,0,0,0.0002826,0.0010659,0,0,0.0004242,0.00168,0.0011787,0,0.0014649,0.0002592,0,0.0002229,0,0,0.0006522,0.0003873,0.000903,0,0,0,0.000621,0.0007761,0.0016788,0.0011016,0,0,0,0,0.0018474
JJ26,0,0,0,0,0,0,0,0,0,0,0,0,0,0,0,0,0,0,0,0,0,0,0,0,0,0,0,0,0,0.0007792,0,0,0,0,0,0,0,0,0
JJ27,0,0,0,0,0,0,0,0,0,0,0,0,0,0,0,0,0,0,0.0001118,0,0,0,0,0,0,0,0,0,0,0,0,0,0,0,0,0,0,0,0
JJ28,0,0,0,0,0,0.0001757,0,0.0003056,0,0,0,0,0.0008694,0,0,0,0,0,0,0,0,0,0,0,0,0,0,0,0.0001773,0,0.0001018,0,0,0,0,0,0,0,0
JJ29,0,0,0,0,0,0,0,0,0,0,0.0000906,0,0,0,0.0001469,0,0,0,0,0,0,0,0,0.0008374,0,0,0,0,0,0,0,0,0,0,0,0,0,0,0
JJ30,0,0,0,0,0,0,0,0,0,0,0,0,0,0,0.00331,0,0,0,0,0,0,0,0,0,0,0,0,0,0,0,0,0,0,0,0,0,0,0,0
JJ31,0,0,0,0,0,0,0,0,0,0,0,0,0,0,0,0,0,0,0,0,0,0,0,0,0,0,0,0,0,0,0.0002052,0,0,0,0,0,0,0,0
JJ32,0.00000324,0,0.00001626,0.00000786,0,0,0,0,0,0,0,0,0,0,0,0,0,0,0,0,0,0,0,0,0,0,0,0,0,0,0,0,0,0,0,0,0,0,0
JJ34,0,0,0,0,0,0,0,0,0,0,0,0,0,0,0,0,0,0,0,0.000059,0,0,0,0,0,0,0,0,0,0,0,0,0,0,0,0,0,0,0
JJ35,0,0,0,0,0,0.00005936,0,0,0,0,0.00051296,0,0,0,0.0002408,0.000448,0,0.00006048,0,0,0,0,0,0,0,0,0,0,0,0,0,0,0,0,0,0,0,0.00057344,0
JJ36,0.0000742,0,0,0.000195,0.0002278,0,0,0,0,0,0,0,0,0,0,0,0,0,0,0,0,0,0,0,0,0,0,0,0,0,0,0,0,0,0,0,0,0,0
JJ37,0,0,0,0,0,0,0.0015016,0,0.002849,0,0,0,0,0,0,0,0,0,0,0,0,0,0,0,0,0,0,0,0,0,0.0008194,0.0020456,0,0.0015262,0,0,0,0,0
JJ38,0.00001435,0,0,0.00004375,0,0.00124215,0,0,0,0,0.0036995,0.00122115,0.0007616,0,0.00147105,0.00014,0,0.0006979,0.000392,0,0,0,0,0,0,0,0,0,0,0,0,0,0,0,0,0.0025053,0.0019341,0,0
JJ39,0,0,0,0,0,0,0.0008268,0.0027447,0.0010623,0.0031401,0,0,0.0006714,0.005439,0,0,0,0.0005811,0,0,0,0,0,0,0,0,0,0,0,0,0,0,0,0,0,0,0,0,0
JJ40,0.00139587,0.00054417,0.00189057,0.00185997,0.00133059,0.00025806,0.0003366,0,0.00026877,0.0011373,0,0.00026928,0.00047787,0,0.00020604,0.001836,0.00037689,0.00028305,0.00075939,0.00079968,0.00072675,0.00077775,0.00150552,0.00034476,0.00149787,0.00134538,0.00311151,0.00179673,0.00117045,0.00242148,0.00143055,0.0027693,0.0064413,0.00163863,0,0,0.00080121,0,0
JJ41,0,0,0,0.00063,0,0,0,0,0,0,0.014835,0,0,0,0.00433,0,0,0,0.00091,0,0,0,0,0,0,0,0,0,0,0,0,0,0,0,0,0,0,0,0
JJ42,0.000034,0,0,0,0,0.001812,0.000865,0,0,0,0,0.010694,0.004259,0,0.001349,0.0002,0,0.005989,0,0,0,0,0,0,0,0,0,0,0,0,0,0,0,0,0,0,0,0,0
JJ43,0,0,0,0,0,0,0,0,0,0,0,0,0,0,0.000911,0.0004,0,0,0,0,0,0,0,0,0,0,0,0,0,0,0,0,0,0,0,0,0,0,0
